{"cameraMode":{"drawMode":0,"name":"Shaded","section":"Shading Mode"},"sceneLighting":false,"audioPlay":false,"sceneViewState":{"showFog":true,"showMaterialUpdate":false,"showSkybox":false,"showFlares":true,"showImageEffects":true,"showParticleSystems":true},"in2DMode":false,"pivot":{"x":12.137763977050782,"y":-5.775338172912598,"z":5.0747833251953129},"rotation":{"x":-0.10568743199110031,"y":0.8826308846473694,"z":-0.23858335614204408,"w":-0.39098700881004336},"size":23.001197814941408,"orthographic":false}